relative_path,size_bytes,sha256
.git/COMMIT_EDITMSG,41,6bb7986daa940689e9e8fc24b4d3a70bb2c629c3648f42384af24dcabf67414f
.git/config,319,c8510622a21bf7501dcb46560fd77ffea2fe22034dd18d1454eac72675404731
.git/description,73,85ab6c163d43a17ea9cf7788308bca1466f1b0a8d1cc92e26e9bf63da4062aee
.git/HEAD,21,28d25bf82af4c0e2b72f50959b2beb859e3e60b9630a5e8c603dad4ddb2b6e80
.git/hooks/applypatch-msg.sample,478,0223497a0b8b033aa58a3a521b8629869386cf7ab0e2f101963d328aa62193f7
.git/hooks/commit-msg.sample,1972,efc1401b0e99d1ff51494d154d98b46c1e99059bcd8bf9f73cecde19fd3eb23b
.git/hooks/fsmonitor-watchman.sample,4611,9159720099ad5595b8e66645cbfd47763c1e920f46e0b50ae75e642bbec57ef0
.git/hooks/post-update.sample,189,81765af2daef323061dcbc5e61fc16481cb74b3bac9ad8a174b186523586f6c5
.git/hooks/pre-applypatch.sample,424,e15c5b469ea3e0a695bea6f2c82bcf8e62821074939ddd85b77e0007ff165475
.git/hooks/pre-commit.sample,1649,57185b7b9f05239d7ab52db045f5b89eb31348d7b2177eab214f5eb872e1971b
.git/hooks/pre-merge-commit.sample,416,d3825a70337940ebbd0a5c072984e13245920cdf8898bd225c8d27a6dfc9cb53
.git/hooks/pre-push.sample,1374,ecce9c7e04d3f5dd9d8ada81753dd1d549a9634b26770042b58dda00217d086a
.git/hooks/pre-rebase.sample,4898,4febce867790052338076f4e66cc47efb14879d18097d1d61c8261859eaaa7b3
.git/hooks/pre-receive.sample,544,a4c3d2b9c7bb3fd8d1441c31bd4ee71a595d66b44fcf49ddb310252320169989
.git/hooks/prepare-commit-msg.sample,1492,e9ddcaa4189fddd25ed97fc8c789eca7b6ca16390b2392ae3276f0c8e1aa4619
.git/hooks/push-to-checkout.sample,2783,a53d0741798b287c6dd7afa64aee473f305e65d3f49463bb9d7408ec3b12bf5f
.git/hooks/sendemail-validate.sample,2308,44ebfc923dc5466bc009602f0ecf067b9c65459abfe8868ddc49b78e6ced7a92
.git/hooks/update.sample,3650,8d5f2fa83e103cf08b57eaa67521df9194f45cbdbcb37da52ad586097a14d106
.git/index,8498,9d359fd350faa8ef6b80fddd74b9a9b9a30515743e61b078c8afa2ef04f8abb7
.git/info/exclude,240,6671fe83b7a07c8932ee89164d1f2793b2318058eb8b98dc5c06ee0a5a3b0ec1
.git/logs/HEAD,428,7c473d4726abeb7ae2911b7e9b73a9c5779fbd8e6392174b80dada45f43f99c5
.git/logs/refs/heads/main,428,7c473d4726abeb7ae2911b7e9b73a9c5779fbd8e6392174b80dada45f43f99c5
.git/logs/refs/remotes/origin/main,352,fd29ed42b638b5d305c74946a5ce8df40fc5ee877c42aeae9436d17c0b3a8143
.git/objects/00/d0d6bb6bd58e432403414152ee078893fa8c94,716,ac6dc94010761b15ac134db6af8758494118ed54a41ae02bfc7419fc479079de
.git/objects/05/66d360b062636cc712dd9e11f7a58334bec66f,458,f71e40995c7d3753ef4ea6215811f7b9d423cd1d6ba6ddba1ca584221e19ad4b
.git/objects/06/fac8c61ee1ed695557df6ad1317f6fac2b5770,512,45b815760be59e12963a31d6de0b66c5e3d1b14a2e22dfb422229e2d56de95c5
.git/objects/08/d45563e61c6f4a82ade650aa3f4662c407ecd9,14689,2aed4ed123a31bb4879cf79d96cbd543641fb395657f05df352d42f750d510a5
.git/objects/0c/31512abc006a70b44a3c55c2bf4003cf34569c,16092,9cb5892ebd0a01bfd1710ac4cbabf83509d01350808c8b26b55afef244929f55
.git/objects/0c/bde47459097778e4473f65d84332a6a587beb0,511,8e6a84fdcaa615d6453202ceeb767c1aff989cbf35bd78e00fdaa3990dc861ff
.git/objects/0f/7f4ba6733933db96412aaed8ca53cd52c52774,369,f39aeed5d6f673b3786ad07a4d11b82a09c466206ea92deadeb7011d48a4bcce
.git/objects/14/e1ec872518e265d82c23f0f122ba002ede6d4f,246552,c59da9b4c1176a3585c92407199aad394786ab5f77a07407ec74a4ac49f6e971
.git/objects/16/2385b91b8bbd30dd760d51e21cbb44bef7978f,10219,ac5d12c8f94c40e58a07f69e888a2abbf4b3aae4474a89289f543ec66850ef52
.git/objects/16/fb7ac61134f503fb1aa0210c9d6379e1dda5f5,14551,d652abe543e4a785f905568bad81a5e84819b3edd262bfd8e3dbe9119789b764
.git/objects/21/ea4b1fdfb612b49e57c5f4f8de88012af43e57,154682,8181a4eed17ffd37eaf60a19c50b8751a98641bda1a588e68b3b1f9c62167403
.git/objects/25/634ffc57475ad1083cbaa3079721008481fd1f,658,df0453cb666da201056f196d6d13578d20dc098764bb2afb5ef9b3813b596e32
.git/objects/27/404af5bf49441e84efa351500b526760c832ce,92801,215ec3ba1721f50fb6fe0e2f5753609cf825aa609f38296a18c4233af4e632aa
.git/objects/27/8e893881f200ec38801254a578021f224610b0,186,a0c054acb3072f38d171eeefc5fc33a881d3dbde1ddd08bdda67c0f0c3ec34ca
.git/objects/33/fb75572d7287bb3a78bdca931af0bc1846440c,7575,bbfa073519a71d7877c59f7bc2ecbc36470ab5756c43c0f94872bad1227fdeff
.git/objects/34/9917e179e737aa90005502ec7a3e6ebeb56070,153015,b62907358d8b05a425b35e2c15797cf3b02f65701a4e89047ac0eeac86eb1150
.git/objects/38/0fa78cf42b33ec0485411647fb53ef79478c99,99,acc72282a84d6e8695d38f641805136b442521fb4de7788d3aa2d195989652ed
.git/objects/3f/a07f185afd9906c6e7b622fe46d740724e4f12,105069,12c93986621af70a35a9746f42ae44a222150aa9dc5d538f0f8ae6f158a3d06e
.git/objects/41/2fd3d452cea1d49087aa79f44152f2ad5a7e6e,193746,b95972f923dfc996ce88b0cec42b3e4b16e7f64ddce4b98bb1e6e3f4ec3ea433
.git/objects/42/9d70c7fc1aa0764c3ee31f52eaa2ed2290b66f,445,9fc002cd7d805c9ad5c2a887e5d6a4c3df2c3b8e49bf06eff10d7f02e38ace7f
.git/objects/44/26b2511a4798807d98e24b2c8de8642d23c6e2,67786,bd61169b9f4cd945e243d219db249a33e6bc0606f122f8127438ec31a151b295
.git/objects/45/6673453c38e977cde94841a8e5d24273ec3462,69,fa66f2bf56c54c36cba9af7b2c5abab48927a4004907c3f6d6edcefaf09d680b
.git/objects/47/2328978e68acf4c767271ae3078c6b71e92f1a,3362,4c449d94b9c053f77a5eece7f0ab09b037edbdfc6e2e7b7684850be6f993b606
.git/objects/4b/04c2520f258e576f6e80cdc7b6fb08ff087b3d,11910,7fcacbcb1f7e208d6468d2d3dc26af52dcfa05c7a79d7676fceb7018d11b5a00
.git/objects/4e/31c34fb1034b0852c6ddb652f4e63375fc70e7,122,36c8d8e1a5fe0d7afaa65ea4f8d99b0f5e551f0b2723e99a267dd4487b590a4f
.git/objects/52/f73842239c90461514d089f8d1bc294f06dfc8,57,f4168c2f078db42a2a4cd1da3c4a514c710e330c8b4aad47a1aa0b66070cbdd5
.git/objects/53/cf2235603abbba9452deca8c5416846a22e781,685,7459cded7b288c7bf7dd93916eec999590ab7fda12ec20309425288ce7788efe
.git/objects/53/dcde35d461615ee57e5e7db432de1e63e98d7e,3752,844f507b23eb74d69046716921aff00c5caa562849215b6d986face45fb270b0
.git/objects/54/32738a088944a733f7c85dc9489d4403e59f0e,78,b81c5881f087da65bbc4f720e2db17be71a2db503221093caba92e80d9b3a559
.git/objects/54/3ea3cf266f8b681c9f815ee6fbea3cf4ff6bda,702,b7b798ed78fd300e2735bd231cbe3135e3161594a3904f0241fcb02634ded3f7
.git/objects/58/dada6ab5b71825e946a07e86f918fe5f7d6117,486,aa4f204ef312be0e0d699e0cda9d21637055a8230a532460fe16512e5abaf649
.git/objects/5d/773cb5d5a090b461bf8380c22b43a4ad5f32f3,3327,d9c1702b28a6aaec3bf70583c87b7ddd47311b80c4e379d7c6f388fd7bd8def7
.git/objects/5d/a659d140de1dcfb5fd6a9061adfdc24993596e,16436,0b7479a223f05d7b5f92e60915d7ec0ccc45691ad76650cab4dfa639225f6909
.git/objects/5e/a84fc754c64573eb6881fbc34ea85f84405187,3814,2b8f0ec340eb09e6bd93fbf5112e924158a2e9d710750c1aca754c1a6e74c892
.git/objects/63/27c5b2bd543e13d5ac3bec0c1b4a70609484eb,68015,886e7bf1a1885bc9db1757c2254e9448926332530503be2643e36c77386c9a54
.git/objects/64/2b515e5bcef416ab6834e9658da9bde20f7fb9,16472,a913a7f2bd631ab0000d364de1b0f14ffe745ba0a92008a552355a49581f99f1
.git/objects/69/e732e94b83fc23c3136be94fc75135b07953d9,787,452e605612b508b92f72a2c89232b7ae7ae70ed318ffc0e23411800528b21a25
.git/objects/6d/06f4a7998885eef13481552418f882a10c74f1,116324,c413442d44285a958843a2384d50fce28b2b5cc0cecec48f134ce3418fca0250
.git/objects/6d/ef0d2cf651f6e8d2c22a9e2228d61b6d061a0b,271,62fd0de87180ae0694d12f1cd16a729bfd65334ef15ce30efb79e07b146c0c2d
.git/objects/71/0b8f0ac9c44bc595cea247ee60daed722f1b43,216,e4e5e76de92f414d060a32773f23b1748672752cee553541b7236d685ca33816
.git/objects/74/1f1695a4837cf770ce3c2ae78708b4714f7c5e,788,4dccf3d3bc3c99d8687374b0f2cd0bafc6d8849b4fff7decf01979086c7f97a9
.git/objects/76/1d7c92de5df311f97eab824140e058b8f77ffd,17464,7eef991358c880bad67b9af690f925e43008d0931977187a37f1124d28c87a04
.git/objects/76/65634bec1367f1d36c3d82175994798cdeb3c9,193,cd053a7fe56a3ee33d6fd23a7e978fd517ee5e4b0352b2b6b8628b7fba907977
.git/objects/79/a774e5cf400bccca9a233418fe53e2155ff484,219,70db0237a9a4cfda6725ef936004059238180becce402a5c7fa03854fb686674
.git/objects/7d/f3ce2df6292224d142fe774be4805e135fa31e,172,5d80b03d5c2247f6ff9b103dc25b1fbc5a71c9c1d08c4936b2e3e6729e4eeb43
.git/objects/83/750918ab967713af576f85bf624c26cf9f01a7,7125,6ced582ff6dcd44e7c29ce3d40650e9d0d2dd05481e42ab0e3508adcfe61482b
.git/objects/84/7478a2ce53b4ab4056bb3b47526e3905f6c8d0,655,7aa96539f997d0cc2edabd873e4ebdb4bbdcfebed42ab78805e072048568611b
.git/objects/85/900774a9311fc5baeeb8235414f3f895fb6c8b,589,0787f975f4d55af750fc9d5283515a8138d339ac3181fbd685abd75715ef2c67
.git/objects/87/2e83afc48a3fa979968d307f07e269df9d1f51,447,6259b46a585caf9b82c5331ea0d939130a1fe2603790f98be90274d8b19e4927
.git/objects/88/6d5173a0846a5e08079392f38648c6ee339fb3,292,4171b529162bb6db548a0b83fb53eae10fd25b991a042733a7e7bc111330a8c1
.git/objects/8a/d1193598f497f6b70b956f8253e14f257b2b6d,516,839063104f30239082506a146cc6f8d3f0ec2c2ca91bd12c758dfe5ff62dda51
.git/objects/8b/2d699a283f7337cf56a8339574df624b656260,314,ec1bffb2e4dce4ab708ba87c629c4ce94dd077ebb016b6abffba24c2fff41a7b
.git/objects/8d/0f246bb725131786d5939271c856815b724b78,133,e5e7bee5c3b6cee5e8cb14483ee948aeb45108e2c0d66d2e31889388f747af29
.git/objects/8e/25fe791680d020af529aca201af389f2b22f8e,418,8ae016b780e85ee0b1e0210f86df3fc6337f8c5dc6d1e3d59570d38547afb35d
.git/objects/8f/02716cfed9d6d9c0e50ab5eb4fdd8e577ca46b,458,00f425835cc363808ab78ff733bf013d1ee98ba2629882e0ee703cfb01133f20
.git/objects/8f/ea02c8346aeddbbaac7883982c3f21dd40a52a,260174,b149eb33ef548914744374d3526daa4ede9a6bd4f2539637f20cb79e62346d0d
.git/objects/97/a4690d1846520dee035c1d1885cfdd83a0f486,114811,ccffafb588fcb4dd34b7e8c48217adfdcbdbef351598ca93d33299f1c1c423e7
.git/objects/a1/07cc043dd4005d451f7fcc06a916fba3355723,12272,2b847583f79a0346468a64b87c842e1cc86bc31199225739ace5f618aab7fe3b
.git/objects/ab/b19e464b0ecc3796a4df2767a2f46fbba1916b,364,5545a7af1b52431040b8d747bf953eb3ee4c7450da98bff821855e304551c27c
.git/objects/ae/b20751bdf7887531325a56d23dc39f636da8d8,5646,30cfe58157c6548ea1c8427db4b0d0f0dd325ae5784738f35829a10ebfe8e6b3
.git/objects/af/418733193855b728e23caf558248e78d6060a4,117178,20466cf12df5865a884dc0c25172b0f200fb8a2ad688087d70d77998408bf195
.git/objects/b1/32b4ade082c417eb64a4288c839d48ce3b55a8,30007,af6aa07f3a5d48cbba11152e33d085e4c69df85bcf546a44946d9cbad1988487
.git/objects/b2/298da48b4d22da5e42836bcbbd583c8d9fd9ac,2013,2cb751f0a6d9382fbe274d7fd2009d98e7aaf70d1ad96bd69ac7b4b869d68464
.git/objects/b2/834c34fd54da330d38c19a5480bb893f9f8fd5,575,57328919966a274de9de1eb6c56e1bb09ecf0064e42d23fc17a81da51165f7d3
.git/objects/b2/d630095e8cadbaebbcd6d57ba55330900bd42d,1719,6aa9914422fd9c54a8d53a76828effaddab61f711b05d359a28ea4e1fde44aaf
.git/objects/c0/a55eac2228218dd62bbe6e04491ce020458f43,10885,0528d41ba4c4fd38b1cccb74ec1d563dec13f180d7ed95174c718b4b832aad41
.git/objects/c7/8d2896188c67639a4d56fabe744c0213a0e43f,270580,bb800f9814bdca8be00a2837edafcab4de996eedf47241cb1cb0686fd554f6fb
.git/objects/ca/c207d333f74d04b916b6f3e4a1917a459225c7,178,f9f4348815fc35bbb700842c16def984eb41d051c3b908ad3f5128a75236a87d
.git/objects/cc/c40abb1071b6a12348bf1cc4c70b26fa4b2e27,369,99341f90acdd229fc32533029545c3c97493ac503c4fde51dd67550f891e98a5
.git/objects/cd/8e0aad17af93f56b7b215146aef9b3c7d6cbca,211,dbec8ca06a6de399f038ef06d23e8f27814cceedd8ca8bf89603dbcf5410669a
.git/objects/cf/3cef3a850fef3afefd81cde173873cc8fbe1e0,271,7df4cdeebcd30818262cdcc44726d109aa2e2798c3824371f7131431af36eb4d
.git/objects/d1/3637ea32507a5ff3bf7e3d8b0709a39c6e6a44,1476,4b4b9592e1efea2dbafe2ada69c395b7a5283776b601a1ae7358e3edaa5c872b
.git/objects/d6/8bf008ab24533435c017fa50f3aeb1edc35f9a,674,11b4cc1e71e42606b767168da54b292b5518a4af01005f47fb02078518e82029
.git/objects/d7/e58acf50c3420c751c47a2c59c0b97233bcfbb,164,d7d308959f1a4667fe90f48a3f2336d79a967a1b3fc642da817c2ac7f23d32eb
.git/objects/d8/0338d327d3dc934103bb6eaab85c56b9135f77,10003,d64d86922fb5301cd05be111c45043865566877b01f2a6686bb5dc93c8e20fb5
.git/objects/db/14963bf487f10ec98409dc85610cdc6c6b8356,209,f06413787339ef44dc2e404b974e015ae1fc8675e287785e22f5f6f6a614079a
.git/objects/dc/b7dd0ecfbc07fde41a0d6b759eef263ca63c6c,591,39ab3489958263e1042551332723ffb4351bf79e3355df5e68def323142b0ebd
.git/objects/df/c0ea8e0210b01ca359ffdeb0fdfd73da6a5990,112,39dd4949141f546c0d71ad84688ba3faaae8da9969fe2a5d92c2a67a18ef6860
.git/objects/e2/4968a593c3a115bc761ea153f7a60c2c10b59a,432,face5ac657d2ae4ebee752c094eab629a6faa7d3202d8b3538025e4d3199395c
.git/objects/e4/8e2fcf9758af7803e1eb62c742212ebed50cee,346,0aaa552253119482889d0a00cb3b81e26dc4a0c7528071df7b6afe74a8c5661b
.git/objects/e4/cbd6d3949a3aa8d53b047b344d39481dc7f761,418,3a2e9a8269f49d6e11555d90c9d60d5b691e776e4179ff9ba3189be2fb8226a1
.git/objects/e9/42b1fa690b605d46d878830fc142ca2485a154,31724,0065a0ff7541626fb56436335e5744b038c76a9a4349855267b3f8b1696af12b
.git/objects/eb/8f20b5f9c7a69fd2f68953eee85e33094f6c74,4662,a32a57ad84e37453ccad0e3336143b1af776f6ed845919fec592798cd3a6fedc
.git/objects/ed/864297fcd1bc2aef665d1df27d895692e01343,105,e0330e89a5b7627d9f1bd4572fade6531b3ac38e255f91f33d2134453cb392df
.git/objects/f2/23a39bcdd90cf8d81487b0dd6ba2f1c5d1ea33,555,a7bc293ded17191cc3a997ce234b8020d262a812e485b7e4035fbd20a2d4afa8
.git/objects/f2/8ee9a71ad6f5b0a5cd41cfce89e3e7b6dc00e2,182822,cdc98005f5069f133c702300445d8fe6e2076f0574856f3fe7356f2553ee934c
.git/objects/fd/1ea087b06432f90bacdc8b74556f5e99119fa8,2036,46d2a0417de24c5edb1d6af5f4195ff9bc6bdd57d31aba8540b8e08c0c9d9576
.git/objects/fe/7e4728c396c01da7cd711731a8a41a3af2c00f,143665,f2e18a275504f71f82c38648be8b5eeb56276c52aeee9038fa88eb67b29f67b6
.git/objects/fe/cf052f66f0ab4261fb79ce809c86a14cad6faf,1187,bfa36cdd218e6f4af61804bd5c7a01ebeb15d9c127badaaa227acf3cd3af641e
.git/objects/ff/632169aab852a1ffab7f595a37b40f0df95623,1341,ff83cdcc90d7e61440b50e44ce495d72e2da2b1e18a604ef2da645f70a779b6b
.git/refs/heads/main,41,9a59f064307b4aa2c8fdf64db5da2a0d5f7a78d20fd208ca73d2498936a5dade
.git/refs/remotes/origin/main,41,9a59f064307b4aa2c8fdf64db5da2a0d5f7a78d20fd208ca73d2498936a5dade
.gitignore,256,eb5a6a27e62a5c2adf371d61e29c2e8aba1be6b8f1b7a3dff8229052ed78cc80
CITATION.cff,521,f18c5e4819d6f0ed2f93d5f51655673b7e96f3ee9a38dce5f4e443ae4b44bcb2
data/processed/mesh_sensitivity/alpha0_mesh_sensitivity_summary.csv,834,6badca2c7f7b1e5b70c01e06cc1c9a3dc3e043cd2b8f4f2bacee7ffa189e972f
data/processed/ml_results/phase4_credibility_dataset.csv,1847,7af0721f0555171a01c29a2fb7f0ac6bb825b85590cb81a1dde06bc7954f1569
data/processed/ml_results/phase4_dense_predictions.csv,224180,7f9060ef23a607d7084b5ea6d990636e09641179dc5a038848d15da10b8dddf8
data/processed/ml_results/phase4_model_metrics.csv,4780,09bc2107aa83e0a4586c75aedc28675941df38e10dd4b3fc8223302d2595a903
data/processed/ml_results/phase4_model_predictions.csv,29135,6c6246b1cadf621bc189f9a69154994ed0020612000e9ee594431114932773bd
data/processed/su2_naca0012_phase3_accepted_dataset_public.csv,9833,792554511801f64bf9fc273bd40c2c2dffcf7188d8669e64262d7edc57103fe1
data/processed/su2_naca0012_phase3_reference_comparison_long.csv,6641,e15feda0a235b764dc84bd8f54af41f0c57e9ca15aa814802ab01f2516d16c50
data/processed/surface_validation/su2_surface_profiles.csv,224949,99f0ae311768fa8414caf9421d86bc0e20e28c5e98dcb47d6710ff0107e3289f
data/processed/surface_validation/surface_validation_metrics.csv,861,3d475a1d909dfb4e0681b44b5d24f645393b8f8a4d3beb129e7dfe59973658c6
data/processed/surface_validation/tmr_cf_reference_long.csv,58884,eb2796dd896a02a309d37a0afb854722f39bd3f417e8fffa8a03ab047fbe3988
data/processed/surface_validation/tmr_cp_reference_long.csv,117848,bbf53854e057284c2de47c0350105752e566a7f89d767b4b9da30f31965c2ad0
data/raw/cfd_case_configs/turb_naca0012_alpha0_restart.cfg,8551,bbf299ee5017b97f673435bd0cf896b6daa74452b97d58c5ffe0835d1ba813ff
data/raw/cfd_case_configs/turb_naca0012_alpha_p10p12_continuation.cfg,8699,907d38fa0d2eef7881770b852180e3fe5964f29bfcf5770e2760c1640b5f65fb
data/raw/cfd_case_metadata/sweep_matrix_initial.csv,2141,c81a41ac7afb057e81611a7da423061a210e14bff3fbfd7c83ee6a0337c61120
data/raw/mesh_sensitivity/history_alpha0_449x129.csv,920115,5fd9c3bf3183584501d7abbad096345cc173dcae56ac22014d69b68813d53132
data/raw/mesh_sensitivity/n0012_449-129.su2,5523820,65c13cdd75b8fee054bc8db47d64d2410491b18a80326e920a458760a1e62726
data/raw/mesh_sensitivity/su2_alpha0_449x129_run.log,791108,668cc47b81e6454698b4e4e277ebaf3d21ae09b18046116fedc9e655e2a8986e
data/raw/mesh_sensitivity/turb_naca0012_alpha0_449x129.cfg,8608,8ba4781e57e609fb1744663655617a8d8d6c5e5a9ff7a113109b30bd2f587a75
data/raw/surface_validation/surface_flow_alpha0.vtu,49823,0912615e4a819e38669062681877579505fc3480a755032d72c7dd1968d500d2
data/raw/surface_validation/surface_flow_alpha10p12_continuation.vtu,49823,e7b46de4b412702c47bebb8a9011f07b53a7723aa6c330642187a523af590f2b
DATA_LICENSE.md,477,88b8e9aae2137d1b005786335f7069d8f86c73c8598e476b1434c45bb0a06143
docs/alpha0_mesh_sensitivity_report.md,1750,3a64d464f4b0f08eda7a97063d47528764a47d95723c4d5500352a843f99012f
docs/data_dictionary.md,956,cea85dd53b2e4215caf438ebb142352e8f09b1e59ff01f74096babd734d6376e
docs/naca0012_surface_validation_report.md,3136,47d1bce825a1ef56e5584a570c9168e776dbadd160db7d8c759edfa4b53de97f
docs/phase4_ml_surrogate_baseline_report.md,5377,4de02e231bfa01560f7389b9d938c1ca647631b27635d50aa543d2deca4ecbd4
docs/reproducibility_notes.md,1383,c0438f8b7891001c0b2deb97583c4d0c1195d4968e8039e3140322d4671f8f16
docs/source_notes.md,866,f71e3fb71e1f361a07637aee2e4276d5ffc15484ba45680c13e3a5335fb43f5e
figures/manuscript_combined/figure2_alpha0_surface_validation_cp_cf.png,302947,5d37c77cdd745c5c7508172ce09b7a1cffe1cce02f5262400d93196c88037e9a
figures/manuscript_combined/figure3_alpha10_surface_validation_cp_cf.png,279339,0964de436bd8d523c2438feb660b8d69bac0b0f7e9797fce790575612977d530
figures/manuscript_combined/figure4_surrogate_comparison_cl_cd.png,204563,154f6481f1074956674f90f255e2cbe2b13a2de2fa77aa9a99983b32ff3d555c
figures/manuscript_combined/figure5_high_alpha_holdout_cl_cd.png,220770,351f8cad75990daec88d21fff1c5f355655c55f709c9e36e78ad0e4871a6bc0c
figures/ml_surrogates/cd_high_alpha_holdout.png,130223,a50be9f2491c17026714acf2abbf6094904231c5a24e4c843bde5cf6e9eb2124
figures/ml_surrogates/cd_high_alpha_holdout.svg,49190,cec33002e69f193badaf6df912298d0c1875231ba6f27b9426d53275d3b837e9
figures/ml_surrogates/cd_surrogate_comparison.png,125205,11cc49b90391186bef8dd94a1c9ce05b0a067ff7672a16a6a5d6cd9a9a158082
figures/ml_surrogates/cd_surrogate_comparison.svg,96689,9fb11e79552b39f7d5727687372af3b2d06c55062d9892a730c6d03f572e7ebc
figures/ml_surrogates/cl_high_alpha_holdout.png,104790,544af8b4eccd3662391fe8a9ada611daa5841a9fc98b69ceccb91c683829acc2
figures/ml_surrogates/cl_high_alpha_holdout.svg,46647,de562cd77c900bf7ac95af7d9b1615e3e662947a714c56201a6775dda65b1a38
figures/ml_surrogates/cl_surrogate_comparison.png,116032,7bdbf5acccf1e645197124a9d678831c710d681610cb3cfcaa718146e27afdb3
figures/ml_surrogates/cl_surrogate_comparison.svg,94710,8e10706146eccd70109041c538dcfb0cabbeafe6641278fc9e2476ca9c8c2988
figures/surface_validation/naca0012_cf_alpha0_surface_validation.png,158341,769ff1aefb8bf323e2103196f14639f8e7612525b5339b8cfdea2cbe96ef1ef4
figures/surface_validation/naca0012_cf_alpha0_surface_validation.svg,46210,cf7fa7445cea61161398c23aa939ff65419675de17da2e7443b8cd4bb12980c5
figures/surface_validation/naca0012_cf_alpha10_surface_validation.png,132343,0791f3b6ecad196eaa9be22e8a821f7ac562bab8d5e6f2f1f7e0356ee18da202
figures/surface_validation/naca0012_cf_alpha10_surface_validation.svg,45647,a0e559f579fa2f96bee16ef129c4c5e417741ee8cb701edac4798e11d80f6bb3
figures/surface_validation/naca0012_cp_alpha0_surface_validation.png,168218,e8840e3249becc0073d373371489022cd3e2af5f0099fb3d4d1d2131d2e2843f
figures/surface_validation/naca0012_cp_alpha0_surface_validation.svg,55875,808ea8ffc8f659a6326d9233056185f2d73dee7684fd66bad2709dd781b0922e
figures/surface_validation/naca0012_cp_alpha10_surface_validation.png,168347,8a02d7bdce1752e44487279b255aa8de1aed58b99a29df0b1627f7a1bbceafea
figures/surface_validation/naca0012_cp_alpha10_surface_validation.svg,54816,ca52c8fec8591f206089378805ec2c2a0d3a60e279187a16c0cc0b834910d07c
figures/workflow/paper1_cfd_ml_workflow.png,287681,e299bbd2f4185ffb5f514e316408bfdc71e7dece94056d866f15fcf9d825f535
figures/workflow/paper1_cfd_ml_workflow.svg,75679,bf65cd55f31278b60e985c6e2f795a28975ffa6056db293acb8dad8bc2c082b2
LICENSE,1091,0d70933968a5af1653165583957323415f2502d69f53428c6035c03e97867bd3
manuscript_tables/table_1_dataset_credibility.csv,987,588e6e09678ab90ae6dc682fbf30b54d7a7004882bf58b03d024f63f245ca760
manuscript_tables/table_1_dataset_credibility.md,1160,7eaae77fab9f01842d46159491a78a397f672b0095613c43d709831212ef9e3e
manuscript_tables/table_2_validation_summary.csv,813,a4b6bd4e6a7fe15823b72bba623d339250b92254a13f1e7196c61c12be332bf2
manuscript_tables/table_2_validation_summary.md,964,4c679416e25a4aa26f9a6140c55b702a22e7dd0e134af79911075891744e9ac9
manuscript_tables/table_3_loocv_model_performance.csv,1625,03e5ae74ea01cf856041c15e828fc1a68af2ef8fa591330abbc351531c147cb8
manuscript_tables/table_3_loocv_model_performance.md,1351,6b54f9c389b23727ccdb214da8fd0290f3439e5dc8cd1f6fd09593d04edd5061
manuscript_tables/table_4_high_alpha_holdout_performance.csv,1541,8c57566eb92149ba88cfd345c31b32d3c9e48430670aa5ada0ee874837e94e04
manuscript_tables/table_4_high_alpha_holdout_performance.md,1301,299daf02800207acf777d33b7851e61cc671723311b703337ba6cdfa067c85e5
manuscript_tables/table_5_high_alpha_predictions.csv,1871,e9458ae92a1b0622804175c1a5949f8fed6ead0fdb7487d05973dba1fa883142
manuscript_tables/table_5_high_alpha_predictions.md,1679,9260accf4a93e9e8ec55e566f0558cf4c481660407e3c00ea94ee3ffb2064b9e
manuscript_tables/table_6_final_model_selection.csv,1514,bf82e1253752cb16b595576c64e5ed031079841967cd20e19090d3b56ff90fc8
manuscript_tables/table_6_final_model_selection.md,1443,3869aecbbf04ed409a80cf1d84a720b3b7006bfe5bef4ae9496927588dd0df44
manuscript_tables/table_7_claim_boundaries.csv,1140,b5b13a521e165578650d3bb6559c1c69652096c0398e93b70a6e0c7d9d1e276d
manuscript_tables/table_7_claim_boundaries.md,1217,5715a84d1c200b46cbc9378cf2b26b2fa19aea7dcea232b8b1ec73454349c7b4
README.md,2471,e386704f554b01970e7d637b6ba26cc0453487e378076efe5e117bb1c41a9467
requirements.txt,49,88bfca5d45d4624a0b5d89c6b29dbde9e586e529e8437c04f0b6ac9f3999d7ca
scripts/analyze_alpha0_mesh_sensitivity.py,5686,ea898d9fe8e547e5d5d406d52ac8f5e60d8c9216f5d31744afbb41fc3ad7235b
scripts/build_phase4_manuscript_tables.py,15245,33582e48ca85bc58da00da816c8867358cb6549f9cca05a8d9909041609c2349
scripts/build_surface_validation.py,17019,d0e4165fdd46e610be804b859ecf867d81112543e4ebe055224b7209b448b8e4
scripts/convert_tmr_plot3d_to_su2.py,4459,ac357ed7e08474400e9954a56b98a910a4b747c89bee199e0ce744917540ead4
scripts/create_manuscript_workflow_figure.py,3583,9e0c4a81ae6ef2a0d48f2cd0603a58f0d6a2196696b53fff7a282439ebba5abb
scripts/run_phase4_ml_baselines.py,22758,881072e70bc429201555bd998fb5a1fa91b81353f7c74a3a079d3db29f7ff4aa
