evaluation,target,model,case_id,alpha_deg,actual,predicted,predicted_std,error,abs_error
loocv,Cl_SU2,poly1,alpha_m4p04,-4.04,-0.446233,-0.417272664571554,,0.028960335428446005,0.028960335428446005
loocv,Cl_SU2,poly1,alpha_m2p14,-2.14,-0.233193,-0.22197832387434968,,0.01121467612565033,0.01121467612565033
loocv,Cl_SU2,poly1,alpha_0_baseline,0.0,-3e-06,0.0034993275956968217,,0.0035023275956968217,0.0035023275956968217
loocv,Cl_SU2,poly1,alpha_p2p05,2.05,0.2234,0.22061823151867843,,-0.002781768481321556,0.002781768481321556
loocv,Cl_SU2,poly1,alpha_p4p04,4.04,0.446198,0.431244034102595,,-0.014953965897404997,0.014953965897404997
loocv,Cl_SU2,poly1,alpha_p6p09,6.09,0.672905,0.6487239872338936,,-0.024181012766106402,0.024181012766106402
loocv,Cl_SU2,poly1,alpha_p8p30,8.3,0.905927,0.8837749925198984,,-0.0221520074801016,0.0221520074801016
loocv,Cl_SU2,poly1,alpha_p10p12,10.12,1.09304,1.0776239523691284,,-0.015416047630871565,0.015416047630871565
loocv,Cl_SU2,poly1,alpha_p11p13,11.13,1.195696,1.185470784158625,,-0.010225215841375146,0.010225215841375146
loocv,Cl_SU2,poly1,alpha_p12p12,12.12,1.291498,1.2923524054944475,,0.0008544054944474855,0.0008544054944474855
loocv,Cl_SU2,poly1,alpha_p13p08,13.08,1.380482,1.3976511866620291,,0.017169186662029157,0.017169186662029157
loocv,Cl_SU2,poly1,alpha_p14p22,14.22,1.480227,1.5263411790859722,,0.04611417908597226,0.04611417908597226
loocv,Cl_SU2,poly2,alpha_m4p04,-4.04,-0.446233,-0.46511226382566506,,-0.01887926382566507,0.01887926382566507
loocv,Cl_SU2,poly2,alpha_m2p14,-2.14,-0.233193,-0.23551100982059803,,-0.002318009820598016,0.002318009820598016
loocv,Cl_SU2,poly2,alpha_0_baseline,0.0,-3e-06,0.008736158979035902,,0.008739158979035901,0.008739158979035901
loocv,Cl_SU2,poly2,alpha_p2p05,2.05,0.2234,0.2370988196830358,,0.013698819683035823,0.013698819683035823
loocv,Cl_SU2,poly2,alpha_p4p04,4.04,0.446198,0.4522055993799361,,0.006007599379936113,0.006007599379936113
loocv,Cl_SU2,poly2,alpha_p6p09,6.09,0.672905,0.6685594042876446,,-0.004345595712355377,0.004345595712355377
loocv,Cl_SU2,poly2,alpha_p8p30,8.3,0.905927,0.8990513225806582,,-0.006875677419341808,0.006875677419341808
loocv,Cl_SU2,poly2,alpha_p10p12,10.12,1.09304,1.0853381774186555,,-0.007701822581344553,0.007701822581344553
loocv,Cl_SU2,poly2,alpha_p11p13,11.13,1.195696,1.1869806777026082,,-0.008715322297391914,0.008715322297391914
loocv,Cl_SU2,poly2,alpha_p12p12,12.12,1.291498,1.2859931826925894,,-0.005504817307410592,0.005504817307410592
loocv,Cl_SU2,poly2,alpha_p13p08,13.08,1.380482,1.3821581222819426,,0.0016761222819425825,0.0016761222819425825
loocv,Cl_SU2,poly2,alpha_p14p22,14.22,1.480227,1.5024693101392832,,0.02224231013928324,0.02224231013928324
loocv,Cl_SU2,poly3,alpha_m4p04,-4.04,-0.446233,-0.4325373290813761,,0.013695670918623892,0.013695670918623892
loocv,Cl_SU2,poly3,alpha_m2p14,-2.14,-0.233193,-0.23949282348466938,,-0.00629982348466937,0.00629982348466937
loocv,Cl_SU2,poly3,alpha_0_baseline,0.0,-3e-06,-0.0020450132923721664,,-0.0020420132923721665,0.0020420132923721665
loocv,Cl_SU2,poly3,alpha_p2p05,2.05,0.2234,0.22810970227205885,,0.004709702272058858,0.004709702272058858
loocv,Cl_SU2,poly3,alpha_p4p04,4.04,0.446198,0.447725251132479,,0.001527251132479035,0.001527251132479035
loocv,Cl_SU2,poly3,alpha_p6p09,6.09,0.672905,0.6712298109908732,,-0.0016751890091267763,0.0016751890091267763
loocv,Cl_SU2,poly3,alpha_p8p30,8.3,0.905927,0.9074438208418931,,0.001516820841893085,0.001516820841893085
loocv,Cl_SU2,poly3,alpha_p10p12,10.12,1.09304,1.0942033738078916,,0.0011633738078915545,0.0011633738078915545
loocv,Cl_SU2,poly3,alpha_p11p13,11.13,1.195696,1.1938078633729956,,-0.0018881366270044886,0.0018881366270044886
loocv,Cl_SU2,poly3,alpha_p12p12,12.12,1.291498,1.2893613142587532,,-0.002136685741246813,0.002136685741246813
loocv,Cl_SU2,poly3,alpha_p13p08,13.08,1.380482,1.379280403165515,,-0.0012015968344849526,0.0012015968344849526
loocv,Cl_SU2,poly3,alpha_p14p22,14.22,1.480227,1.4859677644641625,,0.0057407644641624955,0.0057407644641624955
loocv,Cl_SU2,poly4,alpha_m4p04,-4.04,-0.446233,-0.4331299590862031,,0.013103040913796882,0.013103040913796882
loocv,Cl_SU2,poly4,alpha_m2p14,-2.14,-0.233193,-0.23772123275726864,,-0.00452823275726863,0.00452823275726863
loocv,Cl_SU2,poly4,alpha_0_baseline,0.0,-3e-06,0.0005292819118906111,,0.0005322819118906111,0.0005322819118906111
loocv,Cl_SU2,poly4,alpha_p2p05,2.05,0.2234,0.22793322386399084,,0.004533223863990854,0.004533223863990854
loocv,Cl_SU2,poly4,alpha_p4p04,4.04,0.446198,0.44556446966313873,,-0.0006335303368612544,0.0006335303368612544
loocv,Cl_SU2,poly4,alpha_p6p09,6.09,0.672905,0.6680735506810968,,-0.004831449318903225,0.004831449318903225
loocv,Cl_SU2,poly4,alpha_p8p30,8.3,0.905927,0.9066861614280907,,0.0007591614280906267,0.0007591614280906267
loocv,Cl_SU2,poly4,alpha_p10p12,10.12,1.09304,1.0954502787332725,,0.002410278733272486,0.002410278733272486
loocv,Cl_SU2,poly4,alpha_p11p13,11.13,1.195696,1.1955364959544008,,-0.0001595040455992791,0.0001595040455992791
loocv,Cl_SU2,poly4,alpha_p12p12,12.12,1.291498,1.29098338227598,,-0.0005146177240200611,0.0005146177240200611
loocv,Cl_SU2,poly4,alpha_p13p08,13.08,1.380482,1.3799789159205629,,-0.0005030840794371105,0.0005030840794371105
loocv,Cl_SU2,poly4,alpha_p14p22,14.22,1.480227,1.4806893401341847,,0.00046234013418477993,0.00046234013418477993
loocv,Cl_SU2,gpr_matern,alpha_m4p04,-4.04,-0.446233,-0.44022087122417974,0.0063285891823454034,0.006012128775820247,0.006012128775820247
loocv,Cl_SU2,gpr_matern,alpha_m2p14,-2.14,-0.233193,-0.23422410448449194,0.0021503702263723726,-0.0010311044844919237,0.0010311044844919237
loocv,Cl_SU2,gpr_matern,alpha_0_baseline,0.0,-3e-06,-0.0004001282796159966,0.0014399414303524084,-0.0003971282796159966,0.0003971282796159966
loocv,Cl_SU2,gpr_matern,alpha_p2p05,2.05,0.2234,0.22431980735171309,0.0012319428529637907,0.0009198073517130978,0.0009198073517130978
loocv,Cl_SU2,gpr_matern,alpha_p4p04,4.04,0.446198,0.4459790136595264,0.0012678078569446946,-0.00021898634047357035,0.00021898634047357035
loocv,Cl_SU2,gpr_matern,alpha_p6p09,6.09,0.672905,0.6720135866795505,0.0013267230125975941,-0.0008914133204495078,0.0008914133204495078
loocv,Cl_SU2,gpr_matern,alpha_p8p30,8.3,0.905927,0.9057951618332278,0.0011812025665965185,-0.0001318381667722024,0.0001318381667722024
loocv,Cl_SU2,gpr_matern,alpha_p10p12,10.12,1.09304,1.0941804170367428,0.00036613685290737844,0.0011404170367428357,0.0011404170367428357
loocv,Cl_SU2,gpr_matern,alpha_p11p13,11.13,1.195696,1.1949791859104408,0.00022453280881378553,-0.000716814089559259,0.000716814089559259
loocv,Cl_SU2,gpr_matern,alpha_p12p12,12.12,1.291498,1.2917129442166844,0.0006000735005643113,0.00021494421668433183,0.00021494421668433183
loocv,Cl_SU2,gpr_matern,alpha_p13p08,13.08,1.380482,1.380522567347291,0.0007728533069666293,4.056734729096512e-05,4.056734729096512e-05
loocv,Cl_SU2,gpr_matern,alpha_p14p22,14.22,1.480227,1.480437839786017,0.002353955096294902,0.00021083978601699194,0.00021083978601699194
loocv,Cl_SU2,random_forest,alpha_m4p04,-4.04,-0.446233,-0.10566220833333324,,0.34057079166666676,0.34057079166666676
loocv,Cl_SU2,random_forest,alpha_m2p14,-2.14,-0.233193,-0.24094260833333636,,-0.00774960833333635,0.00774960833333635
loocv,Cl_SU2,random_forest,alpha_0_baseline,0.0,-3e-06,0.07739245000000003,,0.07739545000000003,0.07739545000000003
loocv,Cl_SU2,random_forest,alpha_p2p05,2.05,0.2234,0.33844248833333473,,0.11504248833333475,0.11504248833333475
loocv,Cl_SU2,random_forest,alpha_p4p04,4.04,0.446198,0.3245410616666647,,-0.1216569383333353,0.1216569383333353
loocv,Cl_SU2,random_forest,alpha_p6p09,6.09,0.672905,0.6219551866666652,,-0.050949813333334815,0.050949813333334815
loocv,Cl_SU2,random_forest,alpha_p8p30,8.3,0.905927,1.014099674999991,,0.10817267499999106,0.10817267499999106
loocv,Cl_SU2,random_forest,alpha_p10p12,10.12,1.09304,1.130102423333335,,0.03706242333333498,0.03706242333333498
loocv,Cl_SU2,random_forest,alpha_p11p13,11.13,1.195696,1.2432260283333367,,0.04753002833333664,0.04753002833333664
loocv,Cl_SU2,random_forest,alpha_p12p12,12.12,1.291498,1.3084232349999994,,0.016925234999999317,0.016925234999999317
loocv,Cl_SU2,random_forest,alpha_p13p08,13.08,1.380482,1.3254167583333436,,-0.055065241666656384,0.055065241666656384
loocv,Cl_SU2,random_forest,alpha_p14p22,14.22,1.480227,1.3356698850000035,,-0.14455711499999646,0.14455711499999646
loocv,Cl_SU2,bootstrap_poly3,alpha_m4p04,-4.04,-0.446233,-0.4340704546938034,0.02154981619146887,0.012162545306196593,0.012162545306196593
loocv,Cl_SU2,bootstrap_poly3,alpha_m2p14,-2.14,-0.233193,-0.2377419831879988,0.013144507105745839,-0.00454898318799879,0.00454898318799879
loocv,Cl_SU2,bootstrap_poly3,alpha_0_baseline,0.0,-3e-06,-0.001827781754008178,0.0068787429610914115,-0.001824781754008178,0.001824781754008178
loocv,Cl_SU2,bootstrap_poly3,alpha_p2p05,2.05,0.2234,0.2277065663974427,0.003486159198560711,0.0043065663974427015,0.0043065663974427015
loocv,Cl_SU2,bootstrap_poly3,alpha_p4p04,4.04,0.446198,0.44707186080764244,0.0025076916303622752,0.000873860807642457,0.000873860807642457
loocv,Cl_SU2,bootstrap_poly3,alpha_p6p09,6.09,0.672905,0.670568324532785,0.001627098136843825,-0.0023366754672149437,0.0023366754672149437
loocv,Cl_SU2,bootstrap_poly3,alpha_p8p30,8.3,0.905927,0.9073970822418991,0.0016153072467655356,0.00147008224189904,0.00147008224189904
loocv,Cl_SU2,bootstrap_poly3,alpha_p10p12,10.12,1.09304,1.094569659861375,0.001614647218965717,0.0015296598613749879,0.0015296598613749879
loocv,Cl_SU2,bootstrap_poly3,alpha_p11p13,11.13,1.195696,1.194286828388172,0.0015452610936050066,-0.001409171611828075,0.001409171611828075
loocv,Cl_SU2,bootstrap_poly3,alpha_p12p12,12.12,1.291498,1.2899112690202523,0.0019069283210260864,-0.001586730979747708,0.001586730979747708
loocv,Cl_SU2,bootstrap_poly3,alpha_p13p08,13.08,1.380482,1.380283249566289,0.00332302002049204,-0.00019875043371109236,0.00019875043371109236
loocv,Cl_SU2,bootstrap_poly3,alpha_p14p22,14.22,1.480227,1.4854228776560388,0.0052283388477705915,0.005195877656038794,0.005195877656038794
high_alpha_holdout_train_alpha_le_10p12,Cl_SU2,poly1,alpha_p11p13,11.13,1.195696,1.2136744249057556,,0.01797842490575552,0.01797842490575552
high_alpha_holdout_train_alpha_le_10p12,Cl_SU2,poly1,alpha_p12p12,12.12,1.291498,1.3216422499638425,,0.030144249963842462,0.030144249963842462
high_alpha_holdout_train_alpha_le_10p12,Cl_SU2,poly1,alpha_p13p08,13.08,1.380482,1.426338322747442,,0.045856322747442,0.045856322747442
high_alpha_holdout_train_alpha_le_10p12,Cl_SU2,poly1,alpha_p14p22,14.22,1.480227,1.5506649091779667,,0.07043790917796677,0.07043790917796677
high_alpha_holdout_train_alpha_le_10p12,Cl_SU2,poly2,alpha_p11p13,11.13,1.195696,1.2033543267898787,,0.0076583267898786556,0.0076583267898786556
high_alpha_holdout_train_alpha_le_10p12,Cl_SU2,poly2,alpha_p12p12,12.12,1.291498,1.3072792844241388,,0.01578128442413873,0.01578128442413873
high_alpha_holdout_train_alpha_le_10p12,Cl_SU2,poly2,alpha_p13p08,13.08,1.380482,1.4076090753556385,,0.02712707535563852,0.02712707535563852
high_alpha_holdout_train_alpha_le_10p12,Cl_SU2,poly2,alpha_p14p22,14.22,1.480227,1.5261804318965089,,0.04595343189650891,0.04595343189650891
high_alpha_holdout_train_alpha_le_10p12,Cl_SU2,poly3,alpha_p11p13,11.13,1.195696,1.1951929196198492,,-0.0005030803801508998,0.0005030803801508998
high_alpha_holdout_train_alpha_le_10p12,Cl_SU2,poly3,alpha_p12p12,12.12,1.291498,1.2924126119686044,,0.0009146119686043175,0.0009146119686043175
high_alpha_holdout_train_alpha_le_10p12,Cl_SU2,poly3,alpha_p13p08,13.08,1.380482,1.3843582877862346,,0.0038762877862346112,0.0038762877862346112
high_alpha_holdout_train_alpha_le_10p12,Cl_SU2,poly3,alpha_p14p22,14.22,1.480227,1.4902934375598944,,0.010066437559894448,0.010066437559894448
high_alpha_holdout_train_alpha_le_10p12,Cl_SU2,poly4,alpha_p11p13,11.13,1.195696,1.1873176201945825,,-0.008378379805417557,0.008378379805417557
high_alpha_holdout_train_alpha_le_10p12,Cl_SU2,poly4,alpha_p12p12,12.12,1.291498,1.2737665010606931,,-0.017731498939306922,0.017731498939306922
high_alpha_holdout_train_alpha_le_10p12,Cl_SU2,poly4,alpha_p13p08,13.08,1.380482,1.349808902622181,,-0.030673097377819092,0.030673097377819092
high_alpha_holdout_train_alpha_le_10p12,Cl_SU2,poly4,alpha_p14p22,14.22,1.480227,1.428009304929587,,-0.05221769507041296,0.05221769507041296
high_alpha_holdout_train_alpha_le_10p12,Cl_SU2,gpr_matern,alpha_p11p13,11.13,1.195696,1.1955717597091833,0.00186632815584898,-0.00012424029081681276,0.00012424029081681276
high_alpha_holdout_train_alpha_le_10p12,Cl_SU2,gpr_matern,alpha_p12p12,12.12,1.291498,1.2948896761390347,0.005515272141068529,0.003391676139034683,0.003391676139034683
high_alpha_holdout_train_alpha_le_10p12,Cl_SU2,gpr_matern,alpha_p13p08,13.08,1.380482,1.3898720503572666,0.010976903966846077,0.009390050357266588,0.009390050357266588
high_alpha_holdout_train_alpha_le_10p12,Cl_SU2,gpr_matern,alpha_p14p22,14.22,1.480227,1.5007199429237421,0.020087905082756645,0.020492942923742152,0.020492942923742152
high_alpha_holdout_train_alpha_le_10p12,Cl_SU2,random_forest,alpha_p11p13,11.13,1.195696,0.9913020466666603,,-0.20439395333333976,0.20439395333333976
high_alpha_holdout_train_alpha_le_10p12,Cl_SU2,random_forest,alpha_p12p12,12.12,1.291498,0.9913020466666603,,-0.3001959533333397,0.3001959533333397
high_alpha_holdout_train_alpha_le_10p12,Cl_SU2,random_forest,alpha_p13p08,13.08,1.380482,0.9913020466666603,,-0.38917995333333966,0.38917995333333966
high_alpha_holdout_train_alpha_le_10p12,Cl_SU2,random_forest,alpha_p14p22,14.22,1.480227,0.9913020466666603,,-0.48892495333333963,0.48892495333333963
high_alpha_holdout_train_alpha_le_10p12,Cl_SU2,bootstrap_poly3,alpha_p11p13,11.13,1.195696,1.266191858398672,1.3076481274750051,0.0704958583986719,0.0704958583986719
high_alpha_holdout_train_alpha_le_10p12,Cl_SU2,bootstrap_poly3,alpha_p12p12,12.12,1.291498,1.3911573367614667,1.8168754540180598,0.09965933676146665,0.09965933676146665
high_alpha_holdout_train_alpha_le_10p12,Cl_SU2,bootstrap_poly3,alpha_p13p08,13.08,1.380482,1.5159198119477575,2.4215823442464774,0.1354378119477575,0.1354378119477575
high_alpha_holdout_train_alpha_le_10p12,Cl_SU2,bootstrap_poly3,alpha_p14p22,14.22,1.480227,1.6691650689410233,3.2965582318373734,0.18893806894102338,0.18893806894102338
loocv,Cd_SU2,poly1,alpha_m4p04,-4.04,0.008797,0.005170611597965076,,-0.003626388402034923,0.003626388402034923
loocv,Cd_SU2,poly1,alpha_m2p14,-2.14,0.008551,0.006989001064436742,,-0.0015619989355632573,0.0015619989355632573
loocv,Cd_SU2,poly1,alpha_0_baseline,0.0,0.008448,0.008519175237558706,,7.117523755870506e-05,7.117523755870506e-05
loocv,Cd_SU2,poly1,alpha_p2p05,2.05,0.008543,0.009737526135731273,,0.001194526135731273,0.001194526135731273
loocv,Cd_SU2,poly1,alpha_p4p04,4.04,0.008783,0.010832971374306909,,0.0020499713743069095,0.0020499713743069095
loocv,Cd_SU2,poly1,alpha_p6p09,6.09,0.009712,0.011903196456790777,,0.0021911964567907765,0.0021911964567907765
loocv,Cd_SU2,poly1,alpha_p8p30,8.3,0.011109,0.013069492329792114,,0.001960492329792113,0.001960492329792113
loocv,Cd_SU2,poly1,alpha_p10p12,10.12,0.012692,0.0140025393703165,,0.0013105393703164991,0.0013105393703164991
loocv,Cd_SU2,poly1,alpha_p11p13,11.13,0.013809,0.014472605854153189,,0.0006636058541531886,0.0006636058541531886
loocv,Cd_SU2,poly1,alpha_p12p12,12.12,0.01523,0.014838147334793923,,-0.00039185266520607755,0.00039185266520607755
loocv,Cd_SU2,poly1,alpha_p13p08,13.08,0.016888,0.015055385801316785,,-0.0018326141986832155,0.0018326141986832155
loocv,Cd_SU2,poly1,alpha_p14p22,14.22,0.019081,0.015079585099497993,,-0.004001414900502008,0.004001414900502008
loocv,Cd_SU2,poly2,alpha_m4p04,-4.04,0.008797,0.009984751987430894,,0.0011877519874308948,0.0011877519874308948
loocv,Cd_SU2,poly2,alpha_m2p14,-2.14,0.008551,0.008429167311554114,,-0.0001218326884458859,0.0001218326884458859
loocv,Cd_SU2,poly2,alpha_0_baseline,0.0,0.008448,0.007958294467931544,,-0.000489705532068457,0.000489705532068457
loocv,Cd_SU2,poly2,alpha_p2p05,2.05,0.008543,0.008036471121333594,,-0.0005065288786664061,0.0005065288786664061
loocv,Cd_SU2,poly2,alpha_p4p04,4.04,0.008783,0.008642987872497931,,-0.00014001212750206805,0.00014001212750206805
loocv,Cd_SU2,poly2,alpha_p6p09,6.09,0.009712,0.00969441897084449,,-1.758102915551049e-05,1.758102915551049e-05
loocv,Cd_SU2,poly2,alpha_p8p30,8.3,0.011109,0.01138224602681948,,0.0002732460268194785,0.0002732460268194785
loocv,Cd_SU2,poly2,alpha_p10p12,10.12,0.012692,0.013163432363903094,,0.0004714323639030942,0.0004714323639030942
loocv,Cd_SU2,poly2,alpha_p11p13,11.13,0.013809,0.014309485175216841,,0.0005004851752168412,0.0005004851752168412
loocv,Cd_SU2,poly2,alpha_p12p12,12.12,0.01523,0.015520012329995492,,0.00029001232999549195,0.00029001232999549195
loocv,Cd_SU2,poly2,alpha_p13p08,13.08,0.016888,0.016727299858358927,,-0.0001607001416410736,0.0001607001416410736
loocv,Cd_SU2,poly2,alpha_p14p22,14.22,0.019081,0.01797678851583501,,-0.0011042114841649901,0.0011042114841649901
loocv,Cd_SU2,poly3,alpha_m4p04,-4.04,0.008797,0.008550999611814802,,-0.0002460003881851972,0.0002460003881851972
loocv,Cd_SU2,poly3,alpha_m2p14,-2.14,0.008551,0.008626948111954434,,7.59481119544346e-05,7.59481119544346e-05
loocv,Cd_SU2,poly3,alpha_0_baseline,0.0,0.008448,0.008497987824701767,,4.998782470176655e-05,4.998782470176655e-05
loocv,Cd_SU2,poly3,alpha_p2p05,2.05,0.008543,0.00852558731800079,,-1.7412681999210214e-05,1.7412681999210214e-05
loocv,Cd_SU2,poly3,alpha_p4p04,4.04,0.008783,0.008876195443471086,,9.319544347108702e-05,9.319544347108702e-05
loocv,Cd_SU2,poly3,alpha_p6p09,6.09,0.009712,0.009555913005370639,,-0.00015608699462936124,0.00015608699462936124
loocv,Cd_SU2,poly3,alpha_p8p30,8.3,0.011109,0.010945969131118007,,-0.0001630308688819939,0.0001630308688819939
loocv,Cd_SU2,poly3,alpha_p10p12,10.12,0.012692,0.012723418435070594,,3.1418435070594206e-05,3.1418435070594206e-05
loocv,Cd_SU2,poly3,alpha_p11p13,11.13,0.013809,0.013966854757522953,,0.00015785475752295303,0.00015785475752295303
loocv,Cd_SU2,poly3,alpha_p12p12,12.12,0.01523,0.015348753664042777,,0.00011875366404277658,0.00011875366404277658
loocv,Cd_SU2,poly3,alpha_p13p08,13.08,0.016888,0.016872895107517886,,-1.5104892482114413e-05,1.5104892482114413e-05
loocv,Cd_SU2,poly3,alpha_p14p22,14.22,0.019081,0.018833750741777983,,-0.00024724925822201815,0.00024724925822201815
loocv,Cd_SU2,poly4,alpha_m4p04,-4.04,0.008797,0.009003506875339481,,0.00020650687533948185,0.00020650687533948185
loocv,Cd_SU2,poly4,alpha_m2p14,-2.14,0.008551,0.008514060466456717,,-3.6939533543282194e-05,3.6939533543282194e-05
loocv,Cd_SU2,poly4,alpha_0_baseline,0.0,0.008448,0.008395352671558123,,-5.264732844187728e-05,5.264732844187728e-05
loocv,Cd_SU2,poly4,alpha_p2p05,2.05,0.008543,0.008532386539358392,,-1.0613460641607786e-05,1.0613460641607786e-05
loocv,Cd_SU2,poly4,alpha_p4p04,4.04,0.008783,0.008981014567404947,,0.0001980145674049475,0.0001980145674049475
loocv,Cd_SU2,poly4,alpha_p6p09,6.09,0.009712,0.009629145676998309,,-8.285432300169163e-05,8.285432300169163e-05
loocv,Cd_SU2,poly4,alpha_p8p30,8.3,0.011109,0.010972559072553553,,-0.0001364409274464476,0.0001364409274464476
loocv,Cd_SU2,poly4,alpha_p10p12,10.12,0.012692,0.01267965627026038,,-1.234372973962089e-05,1.234372973962089e-05
loocv,Cd_SU2,poly4,alpha_p11p13,11.13,0.013809,0.013911279676261977,,0.00010227967626197723,0.00010227967626197723
loocv,Cd_SU2,poly4,alpha_p12p12,12.12,0.01523,0.015291558317343757,,6.155831734375693e-05,6.155831734375693e-05
loocv,Cd_SU2,poly4,alpha_p13p08,13.08,0.016888,0.016845643495199944,,-4.235650480005626e-05,4.235650480005626e-05
loocv,Cd_SU2,poly4,alpha_p14p22,14.22,0.019081,0.0190080521184652,,-7.294788153480031e-05,7.294788153480031e-05
loocv,Cd_SU2,gpr_matern,alpha_m4p04,-4.04,0.008797,0.008861485166006,0.00037536127203041165,6.448516600600016e-05,6.448516600600016e-05
loocv,Cd_SU2,gpr_matern,alpha_m2p14,-2.14,0.008551,0.0085012874901358,0.00013540019328843163,-4.971250986419984e-05,4.971250986419984e-05
loocv,Cd_SU2,gpr_matern,alpha_0_baseline,0.0,0.008448,0.008524877859710822,9.139825018526798e-05,7.687785971082113e-05,7.687785971082113e-05
loocv,Cd_SU2,gpr_matern,alpha_p2p05,2.05,0.008543,0.008427059246592167,7.036337497569965e-05,-0.00011594075340783279,0.00011594075340783279
loocv,Cd_SU2,gpr_matern,alpha_p4p04,4.04,0.008783,0.008921661115649394,6.125264667362389e-05,0.00013866111564939457,0.00013866111564939457
loocv,Cd_SU2,gpr_matern,alpha_p6p09,6.09,0.009712,0.009586130534271693,6.883916125355212e-05,-0.0001258694657283073,0.0001258694657283073
loocv,Cd_SU2,gpr_matern,alpha_p8p30,8.3,0.011109,0.011194201161647236,5.6541709710353914e-05,8.520116164723555e-05,8.520116164723555e-05
loocv,Cd_SU2,gpr_matern,alpha_p10p12,10.12,0.012692,0.01265171838062792,2.3604909851021184e-05,-4.0281619372079316e-05,4.0281619372079316e-05
loocv,Cd_SU2,gpr_matern,alpha_p11p13,11.13,0.013809,0.013836809372801104,3.3155373707772556e-05,2.780937280110439e-05,2.780937280110439e-05
loocv,Cd_SU2,gpr_matern,alpha_p12p12,12.12,0.01523,0.015245246071087478,4.249763201422119e-05,1.5246071087477928e-05,1.5246071087477928e-05
loocv,Cd_SU2,gpr_matern,alpha_p13p08,13.08,0.016888,0.01686494704241912,4.222175590157588e-05,-2.3052957580881744e-05,2.3052957580881744e-05
loocv,Cd_SU2,gpr_matern,alpha_p14p22,14.22,0.019081,0.01904928996004389,0.00010375466592807333,-3.17100399561121e-05,3.17100399561121e-05
loocv,Cd_SU2,random_forest,alpha_m4p04,-4.04,0.008797,0.00855223333333333,,-0.0002447666666666685,0.0002447666666666685
loocv,Cd_SU2,random_forest,alpha_m2p14,-2.14,0.008551,0.008708443333333354,,0.00015744333333335414,0.00015744333333335414
loocv,Cd_SU2,random_forest,alpha_0_baseline,0.0,0.008448,0.008591413333333383,,0.00014341333333338195,0.00014341333333338195
loocv,Cd_SU2,random_forest,alpha_p2p05,2.05,0.008543,0.008780078333333401,,0.00023707833333340075,0.00023707833333340075
loocv,Cd_SU2,random_forest,alpha_p4p04,4.04,0.008783,0.008883175000000059,,0.00010017500000005994,0.00010017500000005994
loocv,Cd_SU2,random_forest,alpha_p6p09,6.09,0.009712,0.009755723333333435,,4.372333333343449e-05,4.372333333343449e-05
loocv,Cd_SU2,random_forest,alpha_p8p30,8.3,0.011109,0.012191050000000137,,0.0010820500000001364,0.0010820500000001364
loocv,Cd_SU2,random_forest,alpha_p10p12,10.12,0.012692,0.013262170000000094,,0.0005701700000000937,0.0005701700000000937
loocv,Cd_SU2,random_forest,alpha_p11p13,11.13,0.013809,0.014683154999999993,,0.0008741549999999928,0.0008741549999999928
loocv,Cd_SU2,random_forest,alpha_p12p12,12.12,0.01523,0.0157700416666666,,0.0005400416666665984,0.0005400416666665984
loocv,Cd_SU2,random_forest,alpha_p13p08,13.08,0.016888,0.01603193833333334,,-0.0008560616666666611,0.0008560616666666611
loocv,Cd_SU2,random_forest,alpha_p14p22,14.22,0.019081,0.016136011666666575,,-0.002944988333333426,0.002944988333333426
loocv,Cd_SU2,bootstrap_poly3,alpha_m4p04,-4.04,0.008797,0.00826458028898498,0.0012099115455346586,-0.0005324197110150187,0.0005324197110150187
loocv,Cd_SU2,bootstrap_poly3,alpha_m2p14,-2.14,0.008551,0.008418760462471966,0.0007197519760575274,-0.0001322395375280335,0.0001322395375280335
loocv,Cd_SU2,bootstrap_poly3,alpha_0_baseline,0.0,0.008448,0.00843567626620994,0.0003501026272122475,-1.2323733790059813e-05,1.2323733790059813e-05
loocv,Cd_SU2,bootstrap_poly3,alpha_p2p05,2.05,0.008543,0.008535889385707342,0.00017545178620756747,-7.110614292657816e-06,7.110614292657816e-06
loocv,Cd_SU2,bootstrap_poly3,alpha_p4p04,4.04,0.008783,0.008917350532940804,0.00010941060321670557,0.00013435053294080443,0.00013435053294080443
loocv,Cd_SU2,bootstrap_poly3,alpha_p6p09,6.09,0.009712,0.00957648702016723,8.725925887948931e-05,-0.00013551297983276957,0.00013551297983276957
loocv,Cd_SU2,bootstrap_poly3,alpha_p8p30,8.3,0.011109,0.010954465253953261,7.401599984099212e-05,-0.00015453474604673959,0.00015453474604673959
loocv,Cd_SU2,bootstrap_poly3,alpha_p10p12,10.12,0.012692,0.012716283540969691,8.362824593113831e-05,2.428354096969086e-05,2.428354096969086e-05
loocv,Cd_SU2,bootstrap_poly3,alpha_p11p13,11.13,0.013809,0.013951829261188233,6.823243848015036e-05,0.00014282926118823307,0.00014282926118823307
loocv,Cd_SU2,bootstrap_poly3,alpha_p12p12,12.12,0.01523,0.015314762234429747,0.00010243946555512291,8.476223442974683e-05,8.476223442974683e-05
loocv,Cd_SU2,bootstrap_poly3,alpha_p13p08,13.08,0.016888,0.01679170902177587,0.00016928976123913972,-9.629097822412905e-05,9.629097822412905e-05
loocv,Cd_SU2,bootstrap_poly3,alpha_p14p22,14.22,0.019081,0.018785304475147476,0.00024561662542804696,-0.0002956955248525246,0.0002956955248525246
high_alpha_holdout_train_alpha_le_10p12,Cd_SU2,poly1,alpha_p11p13,11.13,0.013809,0.011654235539856483,,-0.002154764460143517,0.002154764460143517
high_alpha_holdout_train_alpha_le_10p12,Cd_SU2,poly1,alpha_p12p12,12.12,0.01523,0.011908535995994882,,-0.003321464004005119,0.003321464004005119
high_alpha_holdout_train_alpha_le_10p12,Cd_SU2,poly1,alpha_p13p08,13.08,0.016888,0.012155130377704845,,-0.004732869622295155,0.004732869622295155
high_alpha_holdout_train_alpha_le_10p12,Cd_SU2,poly1,alpha_p14p22,14.22,0.019081,0.012447961205985427,,-0.006633038794014574,0.006633038794014574
high_alpha_holdout_train_alpha_le_10p12,Cd_SU2,poly2,alpha_p11p13,11.13,0.013809,0.013471445988502258,,-0.0003375540114977423,0.0003375540114977423
high_alpha_holdout_train_alpha_le_10p12,Cd_SU2,poly2,alpha_p12p12,12.12,0.01523,0.014437633176973684,,-0.0007923668230263164,0.0007923668230263164
high_alpha_holdout_train_alpha_le_10p12,Cd_SU2,poly2,alpha_p13p08,13.08,0.016888,0.015453062594385695,,-0.001434937405614305,0.001434937405614305
high_alpha_holdout_train_alpha_le_10p12,Cd_SU2,poly2,alpha_p14p22,14.22,0.019081,0.016759300831433937,,-0.002321699168566064,0.002321699168566064
high_alpha_holdout_train_alpha_le_10p12,Cd_SU2,poly3,alpha_p11p13,11.13,0.013809,0.0138542002900827,,4.520029008269963e-05,4.520029008269963e-05
high_alpha_holdout_train_alpha_le_10p12,Cd_SU2,poly3,alpha_p12p12,12.12,0.01523,0.015134851525966143,,-9.514847403385707e-05,9.514847403385707e-05
high_alpha_holdout_train_alpha_le_10p12,Cd_SU2,poly3,alpha_p13p08,13.08,0.016888,0.016543479819248877,,-0.00034452018075112334,0.00034452018075112334
high_alpha_holdout_train_alpha_le_10p12,Cd_SU2,poly3,alpha_p14p22,14.22,0.019081,0.018442331853776847,,-0.0006386681462231536,0.0006386681462231536
high_alpha_holdout_train_alpha_le_10p12,Cd_SU2,poly4,alpha_p11p13,11.13,0.013809,0.013752365158008907,,-5.663484199109302e-05,5.663484199109302e-05
high_alpha_holdout_train_alpha_le_10p12,Cd_SU2,poly4,alpha_p12p12,12.12,0.01523,0.01489373952952857,,-0.0003362604704714306,0.0003362604704714306
high_alpha_holdout_train_alpha_le_10p12,Cd_SU2,poly4,alpha_p13p08,13.08,0.016888,0.01609672332006591,,-0.0007912766799340887,0.0007912766799340887
high_alpha_holdout_train_alpha_le_10p12,Cd_SU2,poly4,alpha_p14p22,14.22,0.019081,0.01763693861981811,,-0.0014440613801818894,0.0014440613801818894
high_alpha_holdout_train_alpha_le_10p12,Cd_SU2,gpr_matern,alpha_p11p13,11.13,0.013809,0.013572323525126632,0.00013695368449883268,-0.00023667647487336796,0.00023667647487336796
high_alpha_holdout_train_alpha_le_10p12,Cd_SU2,gpr_matern,alpha_p12p12,12.12,0.01523,0.014440241745196442,0.0002594472608141788,-0.0007897582548035582,0.0007897582548035582
high_alpha_holdout_train_alpha_le_10p12,Cd_SU2,gpr_matern,alpha_p13p08,13.08,0.016888,0.015245573859029977,0.000425360232512422,-0.0016424261409700228,0.0016424261409700228
high_alpha_holdout_train_alpha_le_10p12,Cd_SU2,gpr_matern,alpha_p14p22,14.22,0.019081,0.016132422160055115,0.0006708434722451529,-0.0029485778399448853,0.0029485778399448853
high_alpha_holdout_train_alpha_le_10p12,Cd_SU2,random_forest,alpha_p11p13,11.13,0.013809,0.011928335000000118,,-0.0018806649999998822,0.0018806649999998822
high_alpha_holdout_train_alpha_le_10p12,Cd_SU2,random_forest,alpha_p12p12,12.12,0.01523,0.011928335000000118,,-0.0033016649999998825,0.0033016649999998825
high_alpha_holdout_train_alpha_le_10p12,Cd_SU2,random_forest,alpha_p13p08,13.08,0.016888,0.011928335000000118,,-0.004959664999999882,0.004959664999999882
high_alpha_holdout_train_alpha_le_10p12,Cd_SU2,random_forest,alpha_p14p22,14.22,0.019081,0.011928335000000118,,-0.007152664999999883,0.007152664999999883
high_alpha_holdout_train_alpha_le_10p12,Cd_SU2,bootstrap_poly3,alpha_p11p13,11.13,0.013809,0.013988650278318263,0.0013752583224141417,0.00017965027831826248,0.00017965027831826248
high_alpha_holdout_train_alpha_le_10p12,Cd_SU2,bootstrap_poly3,alpha_p12p12,12.12,0.01523,0.015325993354738625,0.0019338848310665108,9.59933547386247e-05,9.59933547386247e-05
high_alpha_holdout_train_alpha_le_10p12,Cd_SU2,bootstrap_poly3,alpha_p13p08,13.08,0.016888,0.016800608962484608,0.00260459889604941,-8.739103751539273e-05,8.739103751539273e-05
high_alpha_holdout_train_alpha_le_10p12,Cd_SU2,bootstrap_poly3,alpha_p14p22,14.22,0.019081,0.0187930661767656,0.0035847224231221253,-0.0002879338232344014,0.0002879338232344014
